assembly_ID,target,marR_S3N,tet(B),tet(A),soxS_A12S,aac(3)-IId,aph(6)-Id,aph(3'')-Ib,dfrA1
GCA_000776035.1,0,1,0,0,0,0,0,0,0
GCA_000776055.1,0,1,0,0,0,0,0,0,0
GCA_000776155.1,1,1,0,0,0,0,0,0,0
GCA_000776175.1,1,1,0,0,0,0,0,0,0
GCA_000776195.1,0,1,0,0,0,0,0,0,0
GCA_000776215.1,0,1,0,0,0,0,0,0,0
GCA_000776235.1,0,1,0,0,0,0,0,0,0
GCA_000776315.1,1,1,0,0,0,0,0,0,0
GCA_000776375.1,0,1,0,0,0,0,0,0,0
GCA_000776475.1,0,1,0,0,0,0,0,0,0
GCA_000776565.1,0,1,0,0,0,0,0,0,0
GCA_000776635.1,0,1,0,0,0,0,0,0,0
GCA_000776655.1,0,1,0,0,0,0,0,0,0
GCA_000776675.1,0,1,0,0,0,0,0,0,0
GCA_000776735.1,1,1,0,0,0,0,0,0,0
GCA_000776815.1,0,1,0,0,0,0,0,0,0
GCA_000776855.1,1,1,0,0,0,0,0,0,0
GCA_000776965.1,0,1,0,0,0,0,0,0,0
GCA_000777025.1,1,1,0,0,0,0,0,0,0
GCA_000777105.1,1,1,0,0,0,0,0,0,0
GCA_000777215.1,1,1,0,0,0,0,0,0,0
GCA_000777235.1,0,1,0,0,0,0,0,0,0
GCA_000777585.1,1,1,0,0,0,0,0,0,0
GCA_000777605.1,0,1,0,0,0,0,0,0,0
GCA_000777625.1,0,1,0,0,0,0,0,0,0
GCA_000777815.1,0,1,0,0,0,0,0,0,0
GCA_000777975.1,1,1,0,0,0,0,0,0,0
GCA_000778015.1,1,1,0,0,0,0,0,0,0
GCA_000778035.1,0,1,0,0,0,0,0,0,0
GCA_000778105.1,1,1,0,0,0,0,0,0,0
GCA_000778135.1,0,1,0,0,0,0,0,0,0
GCA_000778235.1,0,1,0,0,0,0,0,0,0
GCA_000778355.1,0,1,0,0,0,0,0,0,0
GCA_000778375.1,0,1,0,0,0,0,0,0,0
GCA_000778395.1,0,1,0,0,0,0,0,0,0
GCA_000778465.1,1,1,0,0,0,0,0,0,0
GCA_000778565.1,0,1,0,0,0,0,0,0,0
GCA_000778685.1,1,1,0,0,0,0,0,0,0
GCA_000778815.1,0,1,0,0,0,0,0,0,0
GCA_000778935.1,1,1,0,0,0,1,0,0,0
GCA_000778955.1,0,1,0,0,0,0,0,0,0
GCA_000779055.1,0,1,0,0,0,0,0,0,0
GCA_000779425.1,1,1,0,0,0,0,0,0,0
GCA_000779495.1,0,1,0,0,0,0,0,0,0
GCA_000779515.1,0,1,0,0,0,0,0,0,0
GCA_000779585.1,0,1,0,0,0,0,0,0,0
GCA_000779695.1,0,1,0,0,0,0,0,0,0
GCA_000779995.1,1,1,0,0,0,0,0,0,0
GCA_000780095.1,0,1,0,0,0,0,0,0,0
GCA_000780155.1,0,1,0,0,0,0,0,0,0
GCA_000780215.1,1,1,0,0,0,0,0,0,0
GCA_000780235.1,1,1,0,0,0,0,0,0,0
GCA_000780275.1,0,1,0,0,0,0,0,0,0
GCA_000780475.1,0,1,0,0,0,0,0,0,0
GCA_000780595.1,1,1,0,0,0,0,0,0,0
GCA_000780695.1,0,1,0,0,0,0,0,0,0
GCA_000780735.1,1,1,0,0,0,0,0,0,0
GCA_000780755.1,0,1,0,0,0,0,0,0,0
GCA_000780775.1,1,1,0,0,0,0,0,0,0
GCA_000780795.1,0,1,0,0,0,0,0,0,0
GCA_000780875.1,1,1,0,0,0,0,0,0,0
GCA_000780915.1,0,1,0,0,0,0,0,0,0
GCA_000780925.1,0,1,0,0,0,0,0,0,0
GCA_000781035.1,1,1,0,0,0,0,0,0,0
GCA_000781045.1,0,1,0,0,0,0,0,0,0
GCA_000781095.1,0,1,0,0,0,0,0,0,0
GCA_000781215.1,0,1,0,0,0,0,0,0,0
GCA_000781385.1,0,1,0,0,0,0,0,0,0
GCA_000781555.1,0,1,0,0,0,0,0,0,0
GCA_000781575.1,0,1,0,0,0,0,0,0,0
GCA_000781835.1,1,1,0,0,0,1,0,0,0
GCA_000781965.1,0,1,0,0,0,0,0,0,0
GCA_000781995.1,1,1,0,0,0,0,0,0,0
GCA_000782035.1,0,1,0,0,0,0,0,0,0
GCA_000782055.1,1,1,0,0,0,0,0,0,0
GCA_000782655.1,0,1,0,0,0,0,0,0,0
GCA_000782695.1,0,1,0,0,0,0,0,0,0
GCA_000782735.1,0,1,0,0,0,0,0,0,0
GCA_000797695.1,1,0,0,0,1,0,0,0,0
GCA_000798455.1,1,0,0,0,1,0,0,0,0
GCA_001283345.2,0,1,0,0,0,0,1,1,0
GCA_001283865.2,1,1,0,1,0,0,1,1,0
GCA_001283985.1,0,1,0,0,0,0,0,0,0
GCA_001284385.1,1,1,0,1,0,0,1,1,0
GCA_001285145.1,1,1,1,0,0,0,1,1,0
GCA_001286345.2,1,1,0,0,0,0,1,1,0
GCA_001286665.1,1,1,0,0,0,0,1,1,0
GCA_002860085.1,1,0,0,1,1,1,0,0,0
GCA_002999075.1,1,0,1,0,1,0,0,0,0
GCA_003073875.1,1,0,1,0,1,0,0,0,0
GCA_003288415.1,1,0,1,0,1,0,0,0,0
GCA_003297305.1,1,1,0,0,0,0,0,0,0
GCA_003297615.1,1,1,0,0,0,0,0,0,0
GCA_003297925.1,1,1,0,0,0,0,0,0,0
GCA_003297955.1,1,1,0,0,0,0,0,0,0
GCA_003298015.1,1,1,0,0,0,0,0,0,0
GCA_003298035.1,1,1,0,0,0,0,0,0,0
GCA_003298085.1,1,1,0,0,0,0,0,0,0
GCA_003298255.1,1,1,0,0,0,0,0,0,0
GCA_003298275.1,1,1,0,0,0,0,0,0,0
GCA_003298325.1,1,1,0,0,0,0,0,0,0
GCA_003298435.1,1,1,0,0,0,0,0,0,0
GCA_003298535.1,1,1,0,0,0,0,0,0,0
GCA_003298835.1,1,1,0,0,0,0,0,0,0
GCA_003299005.1,1,1,0,0,0,0,0,0,0
GCA_003299035.1,1,1,0,0,0,0,0,0,0
GCA_003299085.1,1,1,0,0,0,0,0,0,0
GCA_003299165.1,1,1,0,0,0,0,0,0,0
GCA_003299585.1,1,1,0,0,0,0,0,0,0
GCA_003299645.1,1,1,0,0,0,0,0,0,0
GCA_003299705.1,1,1,0,0,0,0,0,0,0
GCA_003299895.1,1,1,0,0,0,0,0,0,0
GCA_003300195.1,1,1,0,0,0,0,0,0,0
GCA_003300395.1,1,1,0,0,0,0,0,0,0
GCA_003300565.1,1,1,0,0,0,0,0,0,0
GCA_003300725.1,1,1,0,0,0,0,0,0,0
GCA_003300825.1,1,1,0,0,0,0,0,0,0
GCA_003300925.1,1,1,0,0,0,0,0,0,0
GCA_003301355.1,1,1,0,0,0,0,0,0,0
GCA_003301535.1,1,1,0,0,0,0,0,0,0
GCA_003301715.1,1,1,0,0,0,0,0,0,0
GCA_003301745.1,1,1,0,0,0,0,0,0,0
GCA_003302335.1,0,1,0,0,0,0,0,0,0
GCA_003303145.1,1,1,0,0,0,0,0,0,0
GCA_003303815.1,1,1,0,0,0,0,0,0,0
GCA_003304525.1,1,1,0,0,0,0,0,0,0
GCA_003305115.1,1,1,0,0,0,0,0,0,0
GCA_003305515.1,1,1,0,0,0,0,0,0,0
GCA_003305835.1,1,1,0,0,0,0,0,0,0
GCA_003305895.1,0,1,0,0,0,0,0,0,0
GCA_003305975.1,1,1,0,0,0,0,0,0,0
GCA_003306075.1,0,1,0,0,0,0,0,0,0
GCA_003306335.1,1,1,0,0,0,0,0,0,0
GCA_003306375.1,1,1,0,0,0,0,0,0,0
GCA_003306435.1,0,1,0,0,0,0,0,0,0
GCA_003306635.1,1,1,0,0,0,0,0,0,0
GCA_003772965.1,0,1,0,0,0,0,0,0,0
GCA_003773625.1,0,1,0,0,0,0,0,0,0
GCA_003791225.1,0,1,0,0,0,0,0,0,0
GCA_003793235.1,0,1,0,0,0,0,0,0,0
GCA_003794495.1,0,1,0,0,0,0,0,0,0
GCA_003920895.1,1,1,0,0,0,0,0,0,0
GCA_004116855.1,0,1,0,0,0,0,0,0,0
GCA_004283235.1,1,1,0,0,0,0,1,1,0
GCA_004283935.1,1,0,0,0,1,0,1,1,0
GCA_004567165.1,1,0,0,0,0,0,0,0,0
GCA_004567445.1,1,1,0,0,0,0,0,0,0
GCA_004569995.1,1,1,0,0,0,1,0,0,0
GCA_011832015.1,0,1,0,0,0,0,1,1,0
GCA_012006685.1,0,1,0,1,0,0,1,1,0
GCA_012071955.1,1,1,0,0,0,0,0,0,0
GCA_012073485.1,0,1,0,1,0,0,0,0,0
GCA_012307425.1,0,1,0,0,0,0,0,0,0
GCA_012337615.1,0,1,0,0,0,0,0,0,0
GCA_012347715.1,0,1,0,0,0,0,0,0,0
GCA_012383195.1,0,0,0,0,1,0,0,0,0
GCA_012432695.1,1,0,1,0,1,0,0,0,0
GCA_012442685.1,1,1,0,0,0,0,0,0,0
GCA_012453765.1,0,1,0,0,0,0,0,0,0
GCA_012482395.1,1,1,1,0,0,0,0,0,0
GCA_012502955.1,1,0,0,0,0,1,0,0,0
GCA_012598465.1,1,1,0,1,0,0,0,0,0
GCA_012609605.1,0,1,0,0,0,0,0,0,0
GCA_012613185.1,0,1,1,0,0,0,1,1,0
GCA_012616665.1,0,1,0,0,0,0,0,0,0
GCA_012619945.1,1,1,1,0,0,0,0,0,0
GCA_012662445.1,0,1,0,0,0,0,0,0,0
GCA_012670665.1,1,1,0,0,0,0,0,0,0
GCA_012670715.1,1,1,0,0,0,0,0,0,0
GCA_012670765.1,1,1,0,0,0,0,0,0,0
GCA_012671465.1,1,1,0,0,0,0,0,0,0
GCA_012671625.1,1,1,0,0,0,0,0,0,0
GCA_012671985.1,1,1,0,0,0,0,0,0,0
GCA_012672065.1,1,1,0,0,0,0,0,0,0
GCA_012672145.1,1,1,0,0,0,0,0,0,0
GCA_012672245.1,0,1,0,0,0,0,0,0,0
GCA_012672345.1,1,1,0,0,0,0,0,0,0
GCA_012672365.1,0,1,0,0,0,0,0,0,0
GCA_012672445.1,1,0,0,0,1,0,0,0,0
GCA_012672945.1,1,1,0,0,0,0,0,0,0
GCA_012672955.1,0,1,0,0,0,0,0,0,0
GCA_012673115.1,1,1,0,0,0,0,0,0,0
GCA_012673305.1,0,1,0,0,0,0,0,0,0
GCA_012673525.1,1,1,0,0,0,0,0,0,0
GCA_012673645.1,1,1,0,0,0,0,0,0,0
GCA_012673745.1,1,1,0,0,0,0,0,0,0
GCA_012673845.1,0,1,0,0,0,0,0,0,0
GCA_012673985.1,0,1,0,0,0,0,0,0,0
GCA_012674045.1,1,1,0,0,0,1,0,0,0
GCA_012674095.1,0,1,0,0,0,0,0,0,0
GCA_012674745.1,1,1,0,0,0,0,0,0,0
GCA_012674885.1,0,1,0,0,0,0,0,0,0
GCA_012674905.1,1,1,0,0,0,0,0,0,0
GCA_012675005.1,1,1,0,0,0,0,0,0,0
GCA_012675325.1,1,0,0,0,0,0,0,0,0
GCA_012675355.1,1,1,0,0,0,0,0,0,0
GCA_012676125.1,0,1,0,0,0,0,0,0,0
GCA_012676185.1,0,1,0,0,0,0,0,0,0
GCA_012682385.1,1,1,0,0,0,0,0,0,0
GCA_012707405.1,1,0,0,0,0,1,0,0,0
GCA_012707805.1,1,1,0,0,0,0,0,0,0
GCA_012740995.1,1,0,1,0,1,0,0,0,0
GCA_012741035.1,1,0,1,0,1,0,0,0,0
GCA_012768095.1,1,1,0,0,0,0,0,0,0
GCA_012855215.1,0,1,0,0,0,0,0,0,0
GCA_012855835.1,0,1,0,0,0,0,0,0,0
GCA_012855895.1,0,1,0,0,0,0,0,0,0
GCA_012855935.1,1,1,0,0,0,0,0,0,0
GCA_012855955.1,1,1,0,0,0,0,0,0,0
GCA_012856535.1,1,1,0,0,0,0,0,0,0
GCA_012856635.1,1,1,0,0,0,0,0,0,0
GCA_012856655.1,0,1,0,0,0,0,0,0,0
GCA_012856675.1,0,1,0,0,0,0,0,0,0
GCA_012856775.1,0,1,0,0,0,0,0,0,0
GCA_012856855.1,0,1,0,0,0,0,0,0,0
GCA_012856875.1,0,1,0,0,0,0,0,0,0
GCA_012857015.1,0,1,0,0,0,0,0,0,0
GCA_012857035.1,0,1,0,0,0,0,0,0,0
GCA_012857335.1,0,1,0,0,0,0,0,0,0
GCA_012857515.1,0,1,0,0,0,0,0,0,0
GCA_012857775.1,0,1,0,0,0,0,0,0,0
GCA_012857875.1,0,1,0,0,0,0,0,0,0
GCA_012858115.1,0,1,0,0,0,0,0,0,0
GCA_012858175.1,1,1,0,0,0,0,0,0,0
GCA_012858195.1,1,1,0,0,0,0,0,0,0
GCA_012858275.1,0,1,0,0,0,0,0,0,0
GCA_012858315.1,1,1,0,0,0,0,0,0,0
GCA_012858485.1,0,1,0,0,0,0,0,0,0
GCA_012858635.1,1,1,0,0,0,0,0,0,0
GCA_012858695.1,1,1,0,0,0,0,0,0,0
GCA_012858935.1,0,1,0,0,0,0,0,0,0
GCA_012858995.1,0,1,0,0,0,0,0,0,0
GCA_012859135.1,1,1,0,0,0,0,0,0,0
GCA_012859155.1,0,1,0,0,0,0,0,0,0
GCA_012859275.1,0,1,0,0,0,0,0,0,0
GCA_012859285.1,1,1,0,0,0,0,0,0,0
GCA_012859355.1,1,1,0,0,0,0,0,0,0
GCA_012859455.1,0,1,0,0,0,0,0,0,0
GCA_012859795.1,0,1,0,0,0,0,0,0,0
GCA_012860055.1,0,1,0,0,0,0,0,0,0
GCA_012860075.1,1,1,0,0,0,0,0,0,0
GCA_012860395.1,1,1,0,0,0,0,0,0,0
GCA_012860435.1,0,1,0,0,0,0,0,0,0
GCA_012860515.1,0,1,0,0,0,0,0,0,0
GCA_012860715.1,0,1,0,0,0,0,0,0,0
GCA_012860775.1,0,1,0,0,0,0,0,0,0
GCA_012860835.1,1,1,0,0,0,0,0,0,0
GCA_012860875.1,0,1,0,0,0,0,0,0,0
GCA_012861415.1,0,1,0,0,0,0,0,0,0
GCA_012861495.1,1,1,0,0,0,0,0,0,0
GCA_012861655.1,1,1,0,0,0,0,0,0,0
GCA_012861725.1,0,1,0,0,0,0,0,0,0
GCA_012861835.1,0,1,0,0,0,0,0,0,0
GCA_012861925.1,0,1,0,0,0,0,0,0,0
GCA_012862005.1,1,1,0,0,0,0,0,0,0
GCA_012863475.1,0,1,0,0,0,0,0,0,0
GCA_012863515.1,0,1,0,0,0,0,0,0,0
GCA_012863815.1,1,1,0,0,0,0,0,0,0
GCA_012863835.1,1,1,0,0,0,0,0,0,0
GCA_012864615.1,0,1,0,0,0,0,0,0,0
GCA_012864995.1,1,1,0,0,0,0,0,0,0
GCA_012865015.1,0,1,0,0,0,0,0,0,0
GCA_012865255.1,0,1,0,0,0,0,0,0,0
GCA_012865275.1,1,0,0,0,0,0,0,0,0
GCA_012865525.1,0,1,0,0,0,0,0,0,0
GCA_012865595.1,0,1,0,0,0,0,0,0,0
GCA_012865675.1,1,1,0,0,0,0,0,0,0
GCA_012865735.1,0,1,0,0,0,0,0,0,0
GCA_012866015.1,0,1,0,0,0,0,0,0,0
GCA_012866095.1,1,1,0,0,0,0,0,0,0
GCA_012866175.1,0,1,0,0,0,0,0,0,0
GCA_012866255.1,0,1,0,0,0,0,0,0,0
GCA_012866355.1,0,1,0,0,0,0,0,0,0
GCA_012866415.1,0,1,0,0,0,0,0,0,0
GCA_012866475.1,1,1,0,0,0,0,0,0,0
GCA_012866535.1,1,1,0,0,0,0,0,0,0
GCA_012866635.1,1,1,0,0,0,0,0,0,0
GCA_012866655.1,1,1,0,0,0,0,0,0,0
GCA_012866735.1,0,1,0,0,0,0,0,0,0
GCA_012866795.1,0,1,0,0,0,0,0,0,0
GCA_012866875.1,0,1,0,0,0,0,0,0,0
GCA_012866895.1,0,1,0,0,0,0,0,0,0
GCA_012866915.1,0,1,0,0,0,0,0,0,0
GCA_012867055.1,0,1,0,0,0,0,0,0,0
GCA_012867315.1,0,1,0,0,0,0,0,0,0
GCA_012867375.1,0,1,0,0,0,0,0,0,0
GCA_012867575.1,1,1,0,0,0,0,0,0,0
GCA_012867635.1,1,1,0,0,0,0,0,0,0
GCA_012867695.1,1,1,0,0,0,0,0,0,0
GCA_012867855.1,0,1,0,0,0,0,0,0,0
GCA_012868055.1,0,1,0,0,0,0,0,0,0
GCA_012868175.1,0,1,0,0,0,0,0,0,0
GCA_012868255.1,1,1,0,0,0,0,0,0,0
GCA_012868355.1,1,1,0,0,0,0,0,0,0
GCA_012868475.1,1,1,0,0,0,0,0,0,0
GCA_012868535.1,1,1,0,0,0,0,0,0,0
GCA_012868555.1,0,1,0,0,0,0,0,0,0
GCA_012868775.1,1,1,0,0,0,0,0,0,0
GCA_012869075.1,0,1,0,0,0,0,0,0,0
GCA_012869155.1,0,1,0,0,0,0,0,0,0
GCA_012869215.1,0,1,0,0,0,0,0,0,0
GCA_012869275.1,1,1,0,0,0,0,0,0,0
GCA_012869435.1,1,1,0,0,0,0,0,0,0
GCA_012869475.1,0,1,0,0,0,0,0,0,0
GCA_012869495.1,0,1,0,0,0,0,0,0,0
GCA_012869595.1,1,1,0,0,0,0,0,0,0
GCA_012869725.1,1,1,0,0,0,0,0,0,0
GCA_012869855.1,0,1,0,0,0,0,0,0,0
GCA_012869935.1,0,1,0,0,0,0,0,0,0
GCA_012869955.1,0,1,0,0,0,0,0,0,0
GCA_012870015.1,1,1,0,0,0,0,0,0,0
GCA_012870055.1,0,1,0,0,0,0,0,0,0
GCA_012870095.1,0,1,0,0,0,0,0,0,0
GCA_012870195.1,1,1,0,0,0,0,0,0,0
GCA_012870355.1,0,1,0,0,0,0,0,0,0
GCA_012870435.1,0,1,0,0,0,0,0,0,0
GCA_012870475.1,1,1,0,0,0,0,0,0,0
GCA_012870575.1,0,1,0,0,0,0,0,0,0
GCA_012870595.1,0,1,0,0,0,0,0,0,0
GCA_012870635.1,0,1,0,0,0,0,0,0,0
GCA_012870975.1,0,1,0,0,0,0,0,0,0
GCA_012871075.1,1,1,0,0,0,0,0,0,0
GCA_012871115.1,0,1,0,0,0,0,0,0,0
GCA_012871135.1,0,1,0,0,0,0,0,0,0
GCA_012871215.1,1,1,0,0,0,0,0,0,0
GCA_012871275.1,0,1,0,0,0,0,0,0,0
GCA_012871335.1,0,1,0,0,0,0,0,0,0
GCA_012871415.1,0,1,0,0,0,0,0,0,0
GCA_012871435.1,0,1,0,0,0,0,0,0,0
GCA_012871495.1,0,1,0,0,0,0,0,0,0
GCA_012871515.1,0,1,0,0,0,0,0,0,0
GCA_012871575.1,1,1,0,0,0,0,0,0,0
GCA_012872055.1,0,1,0,0,0,0,0,0,0
GCA_012872075.1,1,1,0,0,0,0,0,0,0
GCA_012872355.1,0,1,0,0,0,0,0,0,0
GCA_012872755.1,1,1,0,0,0,0,0,0,0
GCA_012872775.1,1,1,0,0,0,0,0,0,0
GCA_012872975.1,0,1,0,0,0,0,0,0,0
GCA_012873035.1,0,1,0,0,0,0,0,0,0
GCA_012873095.1,0,1,0,0,0,0,0,0,0
GCA_012873315.1,1,0,0,0,0,0,0,0,0
GCA_012873435.1,1,1,0,0,0,0,0,0,0
GCA_012873475.1,1,1,0,0,0,0,0,0,0
GCA_012873495.1,0,1,0,0,0,0,0,0,0
GCA_012873515.1,1,1,0,0,0,0,0,0,0
GCA_012873595.1,1,1,0,0,0,0,0,0,0
GCA_012873635.1,0,1,0,0,0,0,0,0,0
GCA_012873775.1,1,1,0,0,0,0,0,0,0
GCA_012873795.1,0,1,0,0,0,0,0,0,0
GCA_012873905.1,0,1,0,0,0,0,0,0,0
GCA_012874155.1,0,1,0,0,0,0,0,0,0
GCA_012874175.1,1,1,0,0,0,0,0,0,0
GCA_012874215.1,0,1,0,0,0,0,0,0,0
GCA_012874315.1,0,1,0,0,0,0,0,0,0
GCA_012874355.1,0,1,0,0,0,0,0,0,0
GCA_012874575.1,0,1,0,0,0,0,0,0,0
GCA_012874735.1,0,1,0,0,0,0,0,0,0
GCA_012874875.1,1,1,0,0,0,0,0,0,0
GCA_012874895.1,0,1,0,0,0,0,0,0,0
GCA_012874995.1,1,1,0,0,0,0,0,0,0
GCA_012875255.1,1,1,0,0,0,0,0,0,0
GCA_012875455.1,1,1,0,0,0,0,0,0,0
GCA_012875675.1,0,1,0,0,0,0,0,0,0
GCA_012875775.1,1,1,0,0,0,0,0,0,0
GCA_012875795.1,1,1,0,0,0,0,0,0,0
GCA_012875895.1,0,1,0,0,0,0,0,0,0
GCA_012876095.1,1,1,0,0,0,0,0,0,0
GCA_012876335.1,0,1,0,0,0,0,0,0,0
GCA_012876355.1,1,1,0,0,0,0,0,0,0
GCA_012876375.1,1,1,0,0,0,0,0,0,0
GCA_012876495.1,1,1,0,0,0,0,0,0,0
GCA_012876535.1,0,1,0,0,0,0,0,0,0
GCA_012876615.1,1,1,0,0,0,0,0,0,0
GCA_012876655.1,0,1,0,0,0,0,0,0,0
GCA_012876675.1,0,1,0,0,0,0,0,0,0
GCA_012876695.1,1,1,0,0,0,0,0,0,0
GCA_012876835.1,0,1,0,0,0,0,0,0,0
GCA_012877075.1,1,1,0,0,0,0,0,0,0
GCA_012877135.1,1,1,0,0,0,0,0,0,0
GCA_012879075.1,0,1,0,0,0,0,0,0,0
GCA_012879255.1,1,1,0,0,0,0,0,0,0
GCA_012882375.1,0,1,0,0,0,0,0,0,0
GCA_012883895.1,0,1,0,0,0,0,0,0,0
GCA_012883995.1,0,1,0,0,0,0,0,0,0
GCA_012902165.1,1,0,1,0,0,0,0,0,0
GCA_012909825.1,1,1,0,0,0,0,0,0,0
GCA_012915035.1,1,1,0,0,0,0,0,0,0
GCA_012915125.1,1,1,0,0,0,0,0,0,0
GCA_012920345.1,1,1,0,0,0,0,0,0,0
GCA_012920465.1,0,1,0,0,0,0,0,0,0
GCA_012920575.1,0,1,0,0,0,0,0,0,0
GCA_012920695.1,1,1,0,0,0,0,0,0,0
GCA_012923175.1,1,1,0,0,0,0,0,0,0
GCA_012989605.1,0,1,1,0,0,0,0,0,0
GCA_012991105.1,0,1,0,0,0,0,0,0,0
GCA_012994205.1,0,1,0,0,0,0,0,0,0
GCA_013078025.1,1,1,0,0,0,1,0,0,0
GCA_013078265.1,1,1,0,0,0,1,0,0,0
GCA_013078405.1,1,1,0,0,0,1,0,0,0
GCA_013078525.1,1,1,0,0,0,1,0,0,0
GCA_013078565.1,1,0,0,0,0,1,0,0,0
GCA_013079005.1,1,0,0,0,0,1,0,0,0
GCA_013806675.1,0,1,0,0,0,0,0,0,0
GCA_014686465.1,1,1,0,0,0,0,0,0,0
GCA_014690725.1,1,1,0,0,0,0,0,0,0
GCA_014691325.1,1,1,0,0,0,0,0,0,0
GCA_014936745.1,0,1,0,0,0,0,0,0,0
GCA_014942065.1,1,1,1,0,0,0,1,1,0
GCA_014942445.1,0,1,0,0,0,0,0,0,0
GCA_017319405.1,1,1,0,0,0,0,0,0,0
GCA_017319525.1,1,1,0,0,0,0,0,0,0
GCA_017327585.1,1,1,0,0,0,0,0,0,0
GCA_017817575.1,1,1,0,1,0,0,0,0,0
GCA_017818215.1,0,1,0,0,0,0,0,0,0
GCA_017818295.1,1,1,0,1,0,0,0,0,0
GCA_017818495.1,0,1,0,0,0,0,0,0,0
GCA_017818685.1,1,1,0,1,0,0,0,0,0
GCA_017818715.1,0,1,0,0,0,0,0,0,0
GCA_017818795.1,0,1,0,0,0,0,0,0,0
GCA_017818935.1,1,1,0,1,0,0,0,0,0
GCA_017819015.1,1,1,0,1,0,0,0,0,0
GCA_017819555.1,0,1,1,0,0,0,0,0,1
GCA_017819595.1,0,1,0,1,0,0,0,0,1
GCA_017819695.1,1,1,0,1,0,0,0,0,0
GCA_018186155.1,1,0,1,0,1,0,0,0,1
GCA_018186415.1,1,0,1,0,1,0,0,0,1
GCA_018186475.1,1,0,0,1,1,0,0,0,1
GCA_018317205.1,0,1,1,0,0,0,0,0,0
GCA_019915505.1,1,1,0,0,0,0,0,0,0
GCA_023856835.1,1,1,0,0,0,0,0,0,0
GCA_023856945.1,0,1,0,0,0,0,0,0,0
GCA_023856985.1,0,1,0,0,0,0,0,0,0
GCA_023857005.1,0,1,1,0,0,0,0,0,0
GCA_023857065.1,0,1,0,0,0,0,0,0,0
GCA_023857085.1,0,1,0,0,0,0,0,0,0
GCA_023857105.1,0,1,0,0,0,0,0,0,0
GCA_023857205.1,0,1,0,0,0,0,0,0,0
GCA_023857225.1,0,1,0,0,0,0,0,0,0
GCA_023857285.1,1,1,0,0,0,0,0,0,0
GCA_023857325.1,0,1,0,0,0,0,0,0,0
GCA_023857425.1,1,1,0,0,0,0,0,0,0
GCA_023857565.1,1,1,0,0,0,0,0,0,0
GCA_023857685.1,1,1,1,0,0,0,0,0,0
GCA_023857725.1,1,1,1,0,0,0,0,0,0
GCA_023857765.1,0,1,0,0,0,0,0,0,0
GCA_023857805.1,1,1,1,0,0,0,0,0,0
GCA_023857825.1,0,1,0,0,0,0,0,0,0
GCA_023857845.1,1,1,0,1,0,0,0,0,0
GCA_023857925.1,0,1,0,1,0,0,0,0,0
GCA_023857945.1,0,1,0,0,0,0,0,0,0
GCA_023857965.1,0,1,1,0,0,0,0,0,0
GCA_023858085.1,0,1,0,0,0,0,0,0,0
GCA_023858105.1,1,1,0,0,0,0,0,0,0
GCA_023858125.1,0,1,0,0,0,0,0,0,0
GCA_023858385.1,0,1,0,0,0,0,0,0,0
GCA_023858405.1,0,1,0,0,0,0,0,0,0
GCA_023858425.1,0,1,0,0,0,0,0,0,0
GCA_023858445.1,0,1,0,0,0,0,0,0,0
GCA_023858465.1,0,1,0,0,0,0,0,0,0
GCA_023858485.1,0,1,0,0,0,0,0,0,0
GCA_023858505.1,0,1,0,0,0,0,0,0,0
GCA_023858525.1,0,1,0,0,0,0,0,0,0
GCA_023858545.1,0,1,0,0,0,0,0,0,0
GCA_023858585.1,0,1,0,0,0,0,0,0,0
GCA_023858665.1,1,1,1,0,0,0,0,0,0
GCA_023858745.1,0,1,0,0,0,0,0,0,0
GCA_023858805.1,0,1,0,0,0,0,0,0,0
GCA_023858825.1,0,1,0,0,0,0,0,0,0
GCA_023858845.1,0,1,0,0,0,0,0,0,0
GCA_023858885.1,1,1,0,0,0,0,0,0,0
GCA_023858945.1,0,1,0,0,0,0,0,0,0
GCA_023858985.1,1,1,0,0,0,0,0,0,0
GCA_023859025.1,0,1,0,0,0,0,0,0,0
GCA_023859045.1,0,1,0,0,0,0,0,0,0
GCA_023859125.1,1,1,0,0,0,0,0,0,0
GCA_023859165.1,0,1,0,0,0,0,0,0,0
GCA_023859185.1,0,1,0,0,0,0,0,0,0
GCA_023859225.1,0,1,0,0,0,0,0,0,0
GCA_023859245.1,0,1,0,0,0,0,0,0,0
GCA_023859265.1,0,1,0,0,0,0,0,0,0
GCA_023859285.1,0,1,0,0,0,0,0,0,0
GCA_023859325.1,0,1,0,0,0,0,0,0,0
GCA_023859345.1,1,1,0,0,0,0,0,0,0
GCA_023859405.1,1,1,1,0,0,0,0,0,0
GCA_023859445.1,0,1,0,0,0,0,0,0,0
GCA_023859465.1,0,1,0,0,0,0,0,0,0
GCA_023859485.1,0,1,0,0,0,0,0,0,0
GCA_023859545.1,0,1,0,0,0,0,0,0,0
GCA_023859565.1,0,1,0,0,0,0,0,0,0
GCA_023859665.1,1,1,0,0,0,0,0,0,0
GCA_023859755.1,0,1,0,0,0,0,0,0,0
GCA_023859785.1,0,1,0,0,0,0,0,0,0
GCA_023859805.1,0,1,0,0,0,0,0,0,0
GCA_023859865.1,0,1,0,0,0,0,0,0,0
GCA_023859925.1,0,1,0,0,0,0,0,0,0
GCA_023860025.1,1,1,0,0,0,0,0,0,0
GCA_023860065.1,1,0,0,0,0,0,0,0,0
GCA_023860125.1,0,1,0,0,0,0,0,0,0
GCA_023860165.1,0,1,1,0,0,0,0,0,0
GCA_023860205.1,0,1,1,0,0,0,0,0,0
GCA_023860225.1,0,1,0,0,0,0,0,0,0
GCA_023860445.1,1,1,1,0,0,0,0,0,0
GCA_023860465.1,0,1,0,0,0,0,0,0,0
GCA_023860545.1,1,1,1,0,0,0,0,0,0
GCA_023860665.1,1,1,0,1,0,1,0,0,0
GCA_023860865.1,1,1,0,0,0,0,0,0,0
GCA_023860945.1,0,1,0,0,0,0,0,0,0
GCA_023861025.1,0,1,0,0,0,0,0,0,0
GCA_023861065.1,1,1,0,0,0,0,0,0,0
GCA_023861105.1,0,1,0,0,0,0,0,0,0
GCA_023861125.1,0,1,0,0,0,0,0,0,0
GCA_023861165.1,0,1,0,0,0,0,0,0,0
GCA_023861185.1,1,1,0,0,0,0,0,0,0
GCA_023861245.1,0,1,1,0,0,0,0,0,0
GCA_023861265.1,1,1,0,1,0,0,0,0,0
GCA_023861345.1,0,1,0,0,0,0,0,0,0
GCA_023861425.1,0,1,0,0,0,0,0,0,0
GCA_023861445.1,0,1,0,0,0,0,0,0,0
GCA_023861545.1,0,1,0,0,0,0,0,0,0
GCA_023861565.1,0,1,0,0,0,0,0,0,0
GCA_023861585.1,1,1,0,0,0,0,0,0,0
GCA_023861605.1,1,1,0,0,0,0,0,0,0
GCA_023861625.1,0,1,0,0,0,0,0,0,0
GCA_023861705.1,0,1,0,0,0,0,0,0,0
GCA_023861725.1,0,1,0,0,0,0,0,0,0
GCA_023861825.1,0,1,0,0,0,0,0,0,0
GCA_023861865.1,0,1,0,0,0,0,0,0,0
GCA_023861945.1,1,1,0,0,0,0,0,0,0
GCA_023862025.1,0,1,0,0,0,0,0,0,0
GCA_023862045.1,0,1,0,0,0,0,0,0,0
GCA_023862125.1,0,1,0,0,0,0,0,0,0
GCA_023862165.1,0,1,0,0,0,0,0,0,0
GCA_023862225.1,1,1,1,0,0,0,0,0,0
GCA_023862245.1,0,1,0,0,0,0,0,0,0
GCA_023862305.1,0,1,0,0,0,0,0,0,0
GCA_023862445.1,0,1,0,0,0,0,0,0,0
GCA_023862585.1,1,1,1,0,0,0,0,0,0
GCA_023862665.1,1,1,0,0,0,0,0,0,0
GCA_023862805.1,0,1,1,0,0,0,0,0,0
GCA_023862825.1,1,1,0,0,0,0,0,0,0
GCA_023862875.1,0,1,1,0,0,0,0,0,0
GCA_023862905.1,0,1,0,0,0,0,0,0,0
GCA_023862985.1,1,1,1,0,0,0,0,0,0
GCA_023863065.1,1,1,0,0,0,0,0,0,0
GCA_023863105.1,0,1,0,0,0,0,0,0,0
GCA_023863145.1,0,1,0,0,0,0,0,0,0
GCA_023863245.1,1,1,0,0,0,0,0,0,0
GCA_023863265.1,0,1,0,0,0,0,0,0,0
GCA_023863325.1,0,1,0,0,0,0,0,0,0
GCA_023863345.1,0,1,0,0,0,0,0,0,0
GCA_023863385.1,1,1,0,0,0,0,0,0,0
GCA_023863485.1,1,1,0,0,0,0,0,0,0
GCA_023863525.1,1,1,0,0,0,0,0,0,0
GCA_023863565.1,1,1,1,0,0,0,0,0,0
GCA_023863585.1,0,1,0,0,0,0,0,0,0
GCA_023863625.1,0,1,0,0,0,0,0,0,0
GCA_023863645.1,1,1,1,0,0,0,0,0,0
GCA_023863765.1,0,1,0,0,0,0,0,0,0
GCA_023863805.1,0,1,0,0,0,0,0,0,0
GCA_023863905.1,0,1,0,0,0,0,0,0,0
GCA_023865315.1,1,1,0,0,0,0,0,0,0
GCA_023865355.1,0,1,0,0,0,0,0,0,0
GCA_023865375.1,1,1,1,0,0,0,0,0,0
GCA_023865435.1,0,1,0,0,0,0,0,0,0
GCA_023865515.1,0,1,0,0,0,0,0,0,0
GCA_023865575.1,0,1,0,0,0,0,0,0,0
GCA_023865655.1,0,1,0,0,0,0,0,0,0
GCA_023865855.1,0,1,0,0,0,0,0,0,0
GCA_023865905.1,0,1,0,0,0,0,0,0,0
GCA_023866035.1,0,1,0,0,0,0,0,0,0
GCA_023866115.1,1,1,0,0,0,0,0,0,0
GCA_023866135.1,0,1,0,0,0,0,0,0,0
GCA_023866175.1,1,1,0,1,0,1,0,0,0
GCA_023866195.1,0,1,0,0,0,0,0,0,0
GCA_023866255.1,1,1,1,0,0,0,0,0,0
GCA_023866305.1,0,1,0,0,0,0,0,0,0
GCA_023866335.1,1,1,0,0,0,0,0,0,0
GCA_023866355.1,1,1,1,0,0,0,0,0,0
GCA_023866375.1,0,1,0,0,0,0,0,0,0
GCA_023866385.1,1,1,0,0,0,0,0,0,0
GCA_023866425.1,1,1,0,0,0,0,0,0,0
GCA_023866555.1,1,1,0,1,0,0,0,0,0
GCA_023866655.1,1,1,0,1,0,0,0,0,0
GCA_023866775.1,1,1,0,0,0,0,0,0,0
GCA_023866895.1,1,1,0,0,0,0,0,0,0
GCA_023866935.1,0,1,0,0,0,0,0,0,0
GCA_023866955.1,1,1,0,0,0,1,0,0,0
GCA_023867035.1,0,1,0,0,0,0,0,0,0
GCA_023867115.1,0,1,0,0,0,0,0,0,0
GCA_023867165.1,0,1,0,0,0,0,0,0,0
GCA_023867335.1,0,1,0,0,0,0,0,0,0
GCA_023867475.1,1,1,0,1,0,0,0,0,0
GCA_023867615.1,1,1,0,0,0,0,0,0,0
GCA_023867655.1,1,1,0,0,0,0,0,0,0
GCA_023867695.1,1,1,0,0,0,0,0,0,0
GCA_023867775.1,0,1,0,0,0,0,0,0,0
GCA_023867835.1,1,1,1,0,0,0,0,0,0
GCA_023867905.1,0,1,0,0,0,0,0,0,0
GCA_023868075.1,1,1,0,1,0,1,0,0,0
GCA_023868095.1,0,1,0,0,0,0,0,0,0
GCA_023868255.1,1,1,0,0,0,0,0,0,0
GCA_023868275.1,0,1,0,0,0,0,0,0,0
GCA_023868335.1,0,1,0,0,0,0,0,0,0
GCA_023868465.1,1,1,0,1,0,1,0,0,0
GCA_023868495.1,0,1,1,0,0,0,0,0,0
GCA_023868515.1,0,1,0,0,0,0,0,0,0
GCA_023868615.1,0,1,0,0,0,0,0,0,0
GCA_023868635.1,1,1,0,0,0,0,0,0,0
GCA_023868755.1,0,1,0,0,0,0,0,0,0
GCA_023868765.1,1,1,0,1,0,1,0,0,0
GCA_023868835.1,0,1,0,0,0,0,0,0,0
GCA_023868995.1,0,1,0,0,0,0,0,0,0
GCA_023869115.1,0,1,0,0,0,0,0,0,0
GCA_023869245.1,0,1,0,0,0,0,0,0,0
GCA_023869425.1,0,1,0,0,0,0,0,0,0
GCA_023869485.1,0,1,0,0,0,0,0,0,0
GCA_023869525.1,1,1,0,1,0,1,0,0,0
GCA_023869595.1,0,1,0,0,0,0,0,0,0
GCA_023869795.1,0,1,0,0,0,0,0,0,0
GCA_023869865.1,0,1,0,0,0,0,0,0,0
GCA_023869875.1,0,1,0,0,0,0,0,0,0
GCA_023870105.1,0,1,0,0,0,0,0,0,0
GCA_023870225.1,0,1,0,0,0,0,0,0,0
GCA_023870265.1,0,1,0,0,0,0,0,0,0
GCA_023870315.1,0,1,0,0,0,0,0,0,0
GCA_023870425.1,0,1,0,0,0,0,0,0,0
GCA_023870525.1,1,1,0,0,0,0,0,0,0
GCA_023870545.1,0,1,0,0,0,0,0,0,0
GCA_023870595.1,0,1,0,0,0,0,0,0,0
GCA_023870645.1,0,1,0,0,0,0,0,0,0
GCA_023870725.1,0,1,1,0,0,0,0,0,0
GCA_023870745.1,0,1,0,0,0,0,0,0,0
GCA_023870845.1,0,1,0,0,0,0,0,0,0
GCA_023870865.1,0,1,0,0,0,0,0,0,0
GCA_023870905.1,0,1,0,0,0,0,0,0,0
GCA_023870965.1,1,1,0,0,0,0,0,0,0
GCA_023870985.1,1,1,0,1,0,1,0,0,0
GCA_023870995.1,0,1,0,0,0,0,0,0,0
GCA_023871085.1,0,1,0,0,0,0,0,0,0
GCA_023871095.1,1,1,0,0,0,0,0,0,0
GCA_023871125.1,0,1,1,0,0,0,0,0,0
GCA_023871225.1,0,1,0,0,0,0,0,0,0
GCA_023871245.1,0,1,0,0,0,0,0,0,0
GCA_023871305.1,1,1,0,0,0,0,0,0,0
GCA_023871325.1,0,1,0,0,0,0,0,0,0
GCA_023871375.1,0,1,0,0,0,0,0,0,0
GCA_023871405.1,1,1,0,0,0,0,0,0,0
GCA_023871425.1,0,1,0,0,0,0,0,0,0
GCA_023871465.1,0,1,1,0,0,0,0,0,0
GCA_023871545.1,0,1,0,0,0,0,0,0,0
GCA_023871595.1,0,1,0,0,0,0,0,0,0
GCA_023871725.1,0,1,0,0,0,0,0,0,0
GCA_023871735.1,0,1,0,0,0,0,0,0,0
GCA_023871785.1,1,1,0,0,0,0,0,0,0
GCA_023871825.1,0,1,0,0,0,0,0,0,0
GCA_023871865.1,0,1,0,0,0,0,0,0,0
GCA_023871945.1,0,1,0,0,0,0,0,0,0
GCA_023871965.1,1,1,0,1,0,0,0,0,0
GCA_023872045.1,0,1,0,0,0,0,0,0,0
GCA_023872145.1,0,1,0,0,0,0,0,0,0
GCA_023872185.1,1,1,0,0,0,0,0,0,0
GCA_023872195.1,0,1,0,0,0,0,0,0,0
GCA_023872205.1,0,1,0,0,0,0,0,0,0
GCA_023872245.1,0,1,0,0,0,0,0,0,0
GCA_023872265.1,0,1,0,0,0,0,0,0,0
GCA_023872315.1,0,1,0,0,0,0,0,0,0
GCA_023872345.1,0,1,0,0,0,0,0,0,0
GCA_023872415.1,0,1,1,0,0,1,0,0,0
GCA_023872425.1,1,1,1,0,0,0,0,0,0
GCA_023872465.1,1,1,0,0,0,0,0,0,0
GCA_023872545.1,0,1,0,0,0,0,0,0,0
GCA_023872555.1,1,1,0,0,0,0,0,0,0
GCA_023872585.1,0,0,0,0,1,0,0,0,0
GCA_023872605.1,0,1,0,0,0,0,0,0,0
GCA_023872635.1,1,1,0,0,0,0,0,0,0
GCA_023872705.1,0,1,0,0,0,0,0,0,0
GCA_023872745.1,0,1,0,0,0,0,0,0,0
GCA_023872755.1,0,1,0,0,0,0,0,0,0
GCA_023872835.1,1,1,1,0,0,0,0,0,0
GCA_023874395.1,0,1,0,0,0,0,0,0,0
GCA_023874405.1,0,1,1,0,0,0,0,0,0
GCA_023874465.1,1,1,0,0,0,0,0,0,0
GCA_023874485.1,0,1,0,0,0,0,0,0,0
GCA_023874525.1,0,1,0,0,0,0,0,0,0
GCA_023874605.1,1,1,0,0,0,0,0,0,0
GCA_023874655.1,1,1,1,0,0,0,0,0,0
GCA_023874685.1,0,1,0,0,0,0,0,0,0
GCA_023874725.1,0,1,1,0,0,0,0,0,0
GCA_023874745.1,0,1,0,0,0,0,0,0,0
GCA_023874765.1,0,1,0,0,0,0,0,0,0
GCA_023874925.1,0,1,0,0,0,0,0,0,0
GCA_023875025.1,0,1,0,0,0,0,0,0,0
GCA_023875085.1,1,1,0,0,0,0,0,0,0
GCA_023875165.1,1,1,0,0,0,0,0,0,0
GCA_023875285.1,0,1,0,0,0,0,0,0,0
GCA_023875305.1,0,1,0,0,0,0,0,0,0
GCA_023875325.1,0,1,0,0,0,0,0,0,0
GCA_023875385.1,1,1,0,1,0,0,0,0,0
GCA_023875435.1,0,1,0,0,0,0,0,0,0
GCA_023875485.1,1,1,0,0,0,0,0,0,0
GCA_023875525.1,0,1,0,0,0,0,0,0,0
GCA_023875685.1,0,1,0,0,0,0,0,0,0
GCA_023875725.1,1,1,0,0,0,0,0,0,0
GCA_023875765.1,0,1,0,0,0,0,0,0,0
GCA_023875845.1,1,1,1,0,0,0,0,0,0
GCA_023875875.1,0,1,1,0,0,0,0,0,0
GCA_023875945.1,0,1,1,0,0,0,0,0,0
GCA_023875965.1,1,1,0,1,0,1,0,0,0
GCA_023876015.1,0,1,0,0,0,0,0,0,0
GCA_023876065.1,0,1,0,0,0,0,0,0,0
GCA_023876125.1,0,1,0,0,0,0,0,0,0
GCA_023876225.1,1,1,0,0,0,0,0,0,0
GCA_023876285.1,1,0,0,0,0,0,0,0,0
GCA_023876295.1,1,1,0,0,0,0,0,0,0
GCA_023876325.1,0,1,0,0,0,0,0,0,0
GCA_023876365.1,0,1,0,0,0,0,0,0,0
GCA_023876385.1,0,1,0,1,0,0,0,0,0
GCA_023876425.1,1,1,0,0,0,0,0,0,0
GCA_023876455.1,1,1,0,0,0,0,0,0,0
GCA_023876485.1,0,1,0,0,0,0,0,0,0
GCA_023876545.1,1,1,0,0,0,0,0,0,0
GCA_023876675.1,0,1,0,0,0,0,0,0,0
GCA_023876715.1,0,1,0,0,0,0,0,0,0
GCA_023876745.1,0,1,0,0,0,0,0,0,0
GCA_023876765.1,0,1,0,0,0,0,0,0,0
GCA_023876825.1,0,1,0,0,0,0,0,0,0
GCA_023876865.1,0,1,0,0,0,0,0,0,0
GCA_023876925.1,0,1,0,0,0,0,0,0,0
GCA_023877125.1,0,1,0,0,0,0,0,0,0
GCA_023877145.1,0,1,0,0,0,0,0,0,0
GCA_023877165.1,0,1,0,0,0,0,0,0,0
GCA_023877205.1,1,1,0,0,0,0,0,0,0
GCA_023877355.1,0,1,0,0,0,0,0,0,0
GCA_023877405.1,0,1,0,0,0,0,0,0,0
GCA_023877455.1,0,1,0,0,0,0,0,0,0
GCA_023877485.1,0,1,0,0,0,0,0,0,0
GCA_023877505.1,0,1,0,0,0,0,0,0,0
GCA_023877605.1,1,1,0,0,0,0,0,0,0
GCA_023877645.1,1,1,1,0,0,0,0,0,0
GCA_023877715.1,1,1,1,0,0,0,0,0,0
GCA_023877765.1,0,1,0,0,0,0,0,0,0
GCA_023877805.1,1,1,0,1,0,0,0,0,0
GCA_023877825.1,0,1,0,0,0,0,0,0,0
GCA_023878005.1,0,1,0,0,0,0,0,0,0
GCA_023878085.1,0,1,0,0,0,0,0,0,0
GCA_023878105.1,0,1,0,0,0,0,0,0,0
GCA_023878205.1,0,1,0,0,0,0,0,0,0
GCA_023878305.1,1,1,0,0,0,0,0,0,0
GCA_023878325.1,0,1,0,0,0,0,0,0,0
GCA_023878405.1,0,1,0,0,0,0,0,0,0
GCA_023878425.1,1,1,0,1,0,0,0,0,0
GCA_023878625.1,0,1,0,0,0,0,0,0,0
GCA_023878645.1,0,1,0,0,0,0,0,0,0
GCA_023878705.1,1,1,0,1,0,0,0,0,0
GCA_023878825.1,0,1,0,0,0,0,0,0,0
GCA_023878885.1,0,1,0,0,0,0,0,0,0
GCA_023878895.1,0,1,0,0,0,0,0,0,0
GCA_023878945.1,0,1,0,0,0,0,0,0,0
GCA_023878985.1,0,1,1,0,0,0,0,0,0
GCA_023879025.1,0,1,0,0,0,0,0,0,0
GCA_023879125.1,1,1,0,1,0,0,0,0,0
GCA_023879185.1,0,1,0,0,0,0,0,0,0
GCA_023879205.1,0,1,0,0,0,0,0,0,0
GCA_023879225.1,0,1,0,0,0,0,0,0,0
GCA_023879245.1,0,1,0,0,0,0,0,0,0
GCA_023879285.1,0,1,0,0,0,0,0,0,0
GCA_023879305.1,0,1,0,0,0,0,0,0,0
GCA_023879325.1,1,1,0,0,0,0,0,0,0
GCA_023879525.1,1,1,0,0,0,0,0,0,0
GCA_023879585.1,1,1,1,0,0,0,0,0,0
GCA_023879745.1,0,1,0,0,0,0,0,0,0
GCA_023879805.1,0,1,0,0,0,0,0,0,0
GCA_023879885.1,1,1,0,0,0,0,0,0,0
GCA_023879905.1,0,1,0,0,0,0,0,0,0
GCA_023879925.1,0,1,0,0,0,0,0,0,0
GCA_023879945.1,1,1,0,0,0,0,0,0,0
GCA_023880005.1,0,1,0,0,0,0,0,0,0
GCA_023880055.1,0,1,0,0,0,0,0,0,0
GCA_023880095.1,0,1,0,0,0,0,0,0,0
GCA_023880185.1,0,1,0,0,0,0,0,0,0
GCA_023880225.1,0,1,0,0,0,0,0,0,0
GCA_023880265.1,0,1,0,0,0,0,0,0,0
GCA_023880335.1,0,1,1,0,0,0,0,0,0
GCA_023880365.1,1,1,0,0,0,0,0,0,0
GCA_023880405.1,0,1,0,0,0,0,0,0,0
GCA_023880435.1,0,1,0,0,0,0,0,0,0
GCA_023880545.1,1,1,0,1,0,0,0,0,0
GCA_023880665.1,1,1,0,0,0,0,0,0,0
GCA_023880705.1,0,1,0,0,0,0,0,0,0
GCA_023880725.1,1,1,0,0,0,0,0,0,0
GCA_023880845.1,0,1,0,0,0,0,0,0,0
GCA_023880905.1,0,1,0,0,0,0,0,0,0
GCA_023880965.1,1,1,1,0,0,0,0,0,0
GCA_023881245.1,0,1,0,0,0,0,0,0,0
GCA_023881265.1,0,1,0,0,0,0,0,0,0
GCA_023881285.1,0,1,0,0,0,0,0,0,0
GCA_023881345.1,1,1,0,0,0,0,0,0,0
GCA_023881385.1,1,1,0,0,0,0,0,0,0
GCA_023881425.1,1,1,0,0,0,0,0,0,0
GCA_023881475.1,1,1,0,1,0,0,0,0,0
GCA_023881565.1,0,1,0,0,0,0,0,0,0
GCA_023881665.1,0,1,0,0,0,0,0,0,0
GCA_023881825.1,0,1,0,0,0,0,0,0,0
GCA_023881865.1,1,1,0,0,0,0,0,0,0
GCA_023882045.1,0,1,0,0,0,0,0,0,0
GCA_023882085.1,1,1,0,0,0,0,0,0,0
GCA_023882235.1,1,1,0,0,0,0,0,0,0
GCA_023882335.1,1,0,0,0,0,0,0,0,0
GCA_023882405.1,0,1,0,0,0,0,0,0,0
GCA_023882425.1,0,1,0,0,0,0,0,0,0
GCA_023882445.1,0,1,0,0,0,0,0,0,0
GCA_023882485.1,0,1,0,0,0,0,0,0,0
GCA_023882545.1,0,1,0,0,0,0,0,0,0
GCA_023882665.1,0,1,0,0,0,0,0,0,0
GCA_023882685.1,1,1,1,0,0,0,0,0,0
GCA_023882725.1,1,1,0,0,0,0,0,0,0
GCA_023882825.1,1,1,0,0,0,0,0,0,0
GCA_023882835.1,0,1,0,0,0,0,0,0,0
GCA_023882875.1,0,1,0,0,0,0,0,0,0
GCA_023883065.1,0,1,0,0,0,0,0,0,0
GCA_023883085.1,0,1,0,0,0,0,0,0,0
GCA_023883105.1,0,1,0,0,0,0,0,0,0
GCA_023883135.1,0,1,0,0,0,0,0,0,0
GCA_023883145.1,0,1,0,0,0,0,0,0,0
GCA_023883405.1,0,1,0,0,0,0,0,0,0
GCA_023883495.1,0,1,0,0,0,0,0,0,0
GCA_023883715.1,0,1,0,0,0,0,0,0,0
GCA_023883785.1,0,1,0,0,0,0,0,0,0
GCA_023883805.1,0,1,0,0,0,0,0,0,0
GCA_023883865.1,0,1,0,0,0,0,0,0,0
GCA_023883955.1,1,1,1,0,0,0,0,0,0
GCA_023884005.1,0,1,0,0,0,0,0,0,0
GCA_023884025.1,0,1,0,0,0,0,0,0,0
GCA_023884145.1,1,1,1,0,0,0,0,0,0
GCA_023884185.1,1,1,0,0,0,0,0,0,0
GCA_023884225.1,1,1,1,0,0,0,0,0,0
GCA_023884245.1,0,1,0,0,0,0,0,0,0
GCA_023884265.1,1,1,1,0,0,0,0,0,0
GCA_023884315.1,0,1,0,0,0,0,0,0,0
GCA_023884385.1,1,1,1,0,0,0,0,0,0
GCA_023884405.1,0,1,0,0,0,0,0,0,0
GCA_023884445.1,0,1,0,0,0,0,0,0,0
GCA_023884485.1,1,1,1,0,0,0,0,0,0
GCA_023884525.1,1,0,0,0,0,0,0,0,0
GCA_023884575.1,0,1,0,0,0,0,0,0,0
GCA_023884725.1,0,1,0,0,0,0,0,0,0
GCA_023884745.1,1,1,1,0,0,0,0,0,0
GCA_023884785.1,0,1,1,0,0,0,0,0,0
GCA_023884825.1,0,1,0,0,0,0,0,0,0
GCA_023884835.1,0,1,0,0,0,0,0,0,0
GCA_023884865.1,1,1,0,0,0,0,0,0,0
GCA_023884885.1,0,1,0,0,0,0,0,0,0
GCA_023884905.1,0,1,0,0,0,0,0,0,0
GCA_023884925.1,0,1,0,0,0,0,0,0,0
GCA_023884985.1,1,1,0,0,0,0,0,0,0
GCA_023885005.1,1,1,1,0,0,0,0,0,0
GCA_023885065.1,0,1,0,0,0,0,0,0,0
GCA_023885105.1,1,1,1,0,0,0,0,0,0
GCA_023885165.1,0,1,0,0,0,0,0,0,0
GCA_023885245.1,0,1,0,0,0,0,0,0,0
GCA_023885265.1,1,1,0,0,0,0,0,0,0
GCA_023885285.1,0,1,0,0,0,0,0,0,0
GCA_023885305.1,0,1,0,0,0,0,0,0,0
GCA_023885365.1,0,1,0,0,0,0,0,0,0
GCA_023885415.1,0,1,0,0,0,0,0,0,0
GCA_023885525.1,0,1,0,0,0,0,0,0,0
GCA_023885605.1,1,1,1,0,0,0,0,0,0
GCA_023885625.1,0,1,0,0,0,0,0,0,0
GCA_023885645.1,0,1,0,0,0,0,0,0,0
GCA_023885685.1,0,1,0,0,0,0,0,0,0
GCA_023885705.1,0,1,0,0,0,0,0,0,0
GCA_023885725.1,0,1,0,0,0,0,0,0,0
GCA_023885735.1,0,1,0,0,0,0,0,0,0
GCA_023885765.1,1,1,0,0,0,0,0,0,0
GCA_023885785.1,1,1,0,0,0,0,0,0,0
GCA_023885945.1,1,1,1,0,0,0,0,0,0
GCA_023886065.1,0,1,0,0,0,0,0,0,0
GCA_023886205.1,0,1,0,0,0,0,0,0,0
GCA_023886215.1,1,1,0,0,0,0,0,0,0
GCA_023886325.1,0,1,0,0,0,0,0,0,0
GCA_023886365.1,0,1,0,0,0,0,0,0,0
GCA_023886385.1,0,1,0,0,0,0,0,0,0
GCA_023886855.1,0,1,0,0,0,0,0,0,0
GCA_023886885.1,1,1,1,0,0,0,0,0,0
GCA_023886905.1,0,1,0,0,0,0,0,0,0
GCA_023887265.1,1,1,0,0,0,0,0,0,0
GCA_023887285.1,1,1,0,0,0,0,0,0,0
GCA_023887345.1,1,1,0,0,0,0,0,0,0
GCA_023887385.1,1,1,0,0,0,0,0,0,0
GCA_023887405.1,1,1,0,0,0,0,0,0,0
GCA_023887465.1,0,1,0,0,0,0,0,0,0
GCA_023887505.1,0,1,0,0,0,0,0,0,0
GCA_023887525.1,0,1,0,0,0,0,0,0,0
GCA_023887555.1,0,1,0,0,0,0,0,0,0
GCA_023887615.1,1,1,1,0,0,0,0,0,0
GCA_023889505.1,0,1,0,0,0,0,0,0,0
GCA_023889675.1,0,1,0,0,0,0,0,0,0
GCA_023889995.1,0,1,0,0,0,0,0,0,0
GCA_023890125.1,0,1,0,0,0,0,0,0,0
GCA_023890145.1,0,1,0,0,0,0,0,0,0
GCA_023890185.1,0,1,0,0,0,0,0,0,0
GCA_023890265.1,0,1,0,0,0,0,0,0,0
GCA_023890395.1,1,0,0,0,0,0,0,0,0
GCA_023890525.1,0,1,0,0,0,0,0,0,0
GCA_023890665.1,0,1,0,0,0,0,0,0,0
GCA_023890685.1,0,1,0,0,0,0,0,0,0
GCA_023890705.1,0,1,1,0,0,0,0,0,0
GCA_023890745.1,0,1,0,0,0,0,0,0,0
GCA_023890945.1,0,1,0,0,0,0,0,0,0
GCA_023890985.1,1,1,0,0,0,0,0,0,0
GCA_023891065.1,0,1,0,0,0,0,0,0,0
GCA_023891095.1,0,1,0,0,0,0,0,0,0
GCA_023891125.1,1,1,1,0,0,0,0,0,0
GCA_023891205.1,1,1,0,1,0,1,0,0,0
GCA_023891245.1,0,1,0,0,0,0,0,0,0
GCA_023891285.1,0,1,0,0,0,0,0,0,0
GCA_023891405.1,0,1,0,0,0,0,0,0,0
GCA_023891425.1,0,1,0,0,0,0,0,0,0
GCA_023891505.1,0,1,0,0,0,0,0,0,0
GCA_023891525.1,0,1,0,0,0,0,0,0,0
GCA_023891625.1,0,1,0,0,0,0,0,0,0
GCA_023891645.1,0,1,0,0,0,0,0,0,0
GCA_023891695.1,0,1,0,0,0,0,0,0,0
GCA_023891815.1,1,1,0,0,0,0,0,0,0
GCA_023891885.1,0,1,0,0,0,0,0,0,0
GCA_023891945.1,0,1,0,0,0,0,0,0,0
GCA_023892085.1,1,1,0,0,0,0,0,0,0
GCA_023892095.1,0,1,0,0,0,0,0,0,0
GCA_023892205.1,0,1,0,0,0,0,0,0,0
GCA_023892235.1,0,1,0,0,0,0,0,0,0
GCA_023892465.1,0,1,0,0,0,0,0,0,0
GCA_023892525.1,0,1,0,0,0,0,0,0,0
GCA_023894155.1,0,1,0,0,0,0,0,0,0
GCA_023894235.1,0,1,0,0,0,0,0,0,0
GCA_023894255.1,1,1,0,0,0,0,0,0,0
GCA_023894325.1,1,1,0,0,0,0,0,0,0
GCA_023894375.1,1,0,1,0,1,0,0,0,0
GCA_023894445.1,0,1,0,0,0,0,0,0,0
GCA_023894505.1,0,1,0,0,0,0,0,0,0
GCA_023894545.1,0,1,0,0,0,0,0,0,0
GCA_023894585.1,0,1,0,0,0,0,0,0,0
GCA_023894615.1,1,1,0,0,0,0,0,0,0
GCA_023894665.1,0,1,0,0,0,0,0,0,0
GCA_023894675.1,0,1,0,0,0,0,0,0,0
GCA_023894725.1,1,1,0,0,0,0,0,0,0
GCA_023894745.1,1,1,0,0,0,0,0,0,0
GCA_023894785.1,0,1,0,0,0,0,0,0,0
GCA_023894815.1,0,1,0,0,0,0,0,0,0
GCA_023894855.1,0,1,0,0,0,0,0,0,0
GCA_023894935.1,0,1,0,0,0,0,0,0,0
GCA_023894975.1,1,1,1,0,0,0,0,0,0
GCA_023895035.1,0,1,0,0,0,0,0,0,0
GCA_023895045.1,1,1,1,0,0,0,0,0,0
GCA_023895125.1,1,1,0,0,0,0,0,0,0
GCA_023895215.1,0,1,0,0,0,0,0,0,0
GCA_023895355.1,0,1,0,0,0,0,0,0,0
GCA_023895375.1,0,1,0,0,0,0,0,0,0
GCA_023895415.1,0,1,0,0,0,0,0,0,0
GCA_023895465.1,1,1,1,0,0,0,0,0,0
GCA_023895515.1,0,1,0,0,0,0,0,0,0
GCA_023895575.1,0,1,0,0,0,0,0,0,0
GCA_023895695.1,0,1,0,0,0,0,0,0,0
GCA_023895755.1,0,1,1,0,0,0,0,0,0
GCA_023924225.1,0,1,0,0,0,0,0,0,0
GCA_024164565.1,0,1,0,0,0,0,0,0,0
GCA_024164585.1,0,1,0,0,0,0,0,0,0
GCA_024164705.1,0,1,0,0,0,0,0,0,0
GCA_024164745.1,1,1,0,0,0,0,0,0,0
GCA_024164785.1,0,1,0,0,0,0,0,0,0
GCA_024165085.1,0,1,0,0,0,0,0,0,0
GCA_024165265.1,0,1,0,0,0,0,0,0,0
GCA_024165325.1,0,1,0,0,0,0,0,0,0
GCA_024165345.1,1,1,1,0,0,0,0,0,0
GCA_024165425.1,1,1,0,0,0,0,0,0,0
GCA_024165505.1,0,1,0,0,0,0,0,0,0
GCA_024165525.1,0,1,0,0,0,0,0,0,0
GCA_024165565.1,0,1,0,1,0,0,0,0,0
GCA_024165745.1,0,1,0,0,0,0,0,0,0
GCA_024165765.1,0,1,0,0,0,0,0,0,0
GCA_024165785.1,1,1,1,0,0,0,0,0,0
GCA_024165805.1,0,1,0,0,0,0,0,0,0
GCA_024165865.1,1,1,0,0,0,0,0,0,0
GCA_024165925.1,0,1,0,0,0,0,0,0,0
GCA_024166025.1,0,1,0,0,0,0,0,0,0
GCA_024166045.1,0,1,0,0,0,0,0,0,0
GCA_024166065.1,1,1,1,0,0,0,0,0,0
GCA_024166125.1,1,1,0,0,0,0,0,0,0
GCA_024166185.1,0,1,0,0,0,0,0,0,0
GCA_024166205.1,0,1,0,0,0,0,0,0,0
GCA_024166265.1,0,1,0,0,0,0,0,0,0
GCA_024166285.1,0,1,0,0,0,0,0,0,0
GCA_024166305.1,0,1,0,0,0,0,0,0,0
GCA_025579145.2,0,1,0,0,0,0,0,0,0
GCA_025579205.2,0,1,1,0,0,0,0,0,0
GCA_025579225.2,1,1,0,0,0,0,0,0,0
GCA_025579325.2,1,1,0,0,0,0,0,0,0
GCA_025579485.2,0,1,0,0,0,0,0,0,0
GCA_025579505.2,1,1,0,0,0,0,0,0,0
GCA_025579545.2,0,1,0,0,0,0,0,0,0
GCA_025579605.2,0,1,0,0,0,0,0,0,0
GCA_025579675.2,0,1,0,0,0,0,0,0,0
GCA_025579925.2,1,1,0,0,0,1,0,0,0
GCA_025579985.2,1,1,0,1,0,0,0,0,0
GCA_025580065.2,0,1,0,0,0,0,0,0,0
GCA_025580165.2,1,1,0,0,0,0,0,0,0
GCA_025580205.2,0,1,1,0,0,0,0,0,0
GCA_025580365.2,1,1,1,0,0,0,0,0,0
GCA_025580385.2,1,1,0,0,0,0,0,0,0
GCA_025580405.2,1,1,1,0,0,0,0,0,0
GCA_025580445.2,1,1,0,0,0,0,0,0,0
GCA_025580585.2,0,1,0,0,0,0,0,0,0
GCA_025580605.2,1,1,0,0,0,0,0,0,0
GCA_025580665.2,0,1,0,0,0,0,0,0,0
GCA_025580705.2,0,1,0,0,0,0,0,0,0
GCA_025580805.2,0,1,0,0,0,0,0,0,0
GCA_025580945.2,0,1,0,0,0,0,0,0,0
GCA_025581025.2,0,1,0,0,0,0,0,0,0
GCA_025581045.2,1,1,1,0,0,0,0,0,0
GCA_025782915.2,0,1,0,0,0,0,0,0,0
GCA_025782975.2,1,1,0,1,0,0,0,0,0
GCA_025783235.2,1,1,1,0,0,0,0,0,0
GCA_025783275.2,1,1,0,0,0,0,0,0,0
GCA_025783315.2,0,1,0,0,0,0,0,0,0
GCA_025783495.2,0,1,0,0,0,0,0,0,0
GCA_025783595.2,0,1,0,0,0,0,0,0,0
GCA_025783715.2,0,1,0,0,0,0,0,0,0
GCA_025783855.2,0,1,0,0,0,0,0,0,0
GCA_025783915.2,1,1,0,0,0,0,0,0,0
GCA_025783955.2,1,1,0,0,0,0,0,0,0
GCA_025784055.2,0,1,0,0,0,0,0,0,0
GCA_025784075.2,1,1,0,0,0,0,0,0,0
GCA_025784095.2,0,1,0,0,0,0,0,0,0
GCA_025784115.2,1,1,1,0,0,0,0,0,0
GCA_025784135.2,1,1,0,0,0,0,0,0,0
GCA_025784235.2,0,1,0,0,0,0,0,0,0
GCA_025784355.2,0,1,0,0,0,0,0,0,0
GCA_025784685.2,0,1,0,0,0,0,0,0,0
GCA_025784905.2,0,1,0,0,0,0,0,0,0
GCA_025785025.2,1,0,0,0,0,0,0,0,0
GCA_025785145.2,1,1,0,0,0,0,0,0,0
GCA_025785345.2,1,1,0,0,0,0,0,0,0
GCA_025785385.2,0,1,0,0,0,0,0,0,0
GCA_025785425.2,0,1,0,0,0,0,0,0,0
GCA_025785445.2,0,1,0,0,0,0,0,0,0
GCA_025785465.2,1,1,0,0,0,0,0,0,0
GCA_025785505.2,0,1,0,0,0,0,0,0,0
GCA_025785565.2,0,1,0,0,0,0,0,0,0
GCA_025785585.2,0,1,0,0,0,0,0,0,0
GCA_025785605.2,1,1,0,0,0,1,0,0,0
GCA_025785625.2,1,1,1,0,0,0,0,0,0
GCA_025785745.2,0,1,0,0,0,0,0,0,0
GCA_025785765.2,1,1,0,0,0,0,0,0,0
GCA_025785985.2,0,1,0,0,0,0,0,0,0
GCA_025786105.2,1,1,0,0,0,0,0,0,0
GCA_025786125.2,0,1,0,0,0,0,0,0,0
GCA_025786145.2,0,1,0,0,0,0,0,0,0
GCA_025786165.2,0,1,0,0,0,0,0,0,0
GCA_025786185.2,1,1,0,0,0,0,0,0,0
GCA_025786205.2,1,1,0,0,0,0,0,0,0
GCA_025786285.2,0,1,0,0,0,0,0,0,0
GCA_025786345.2,1,1,0,0,0,0,0,0,0
GCA_025786425.2,0,1,0,0,0,0,0,0,0
GCA_025786545.2,0,1,0,0,0,0,0,0,0
GCA_025786585.2,1,1,0,0,0,0,0,0,0
GCA_025786605.2,0,1,0,0,0,0,0,0,0
GCA_025786665.2,0,1,0,0,0,0,0,0,0
GCA_025786705.2,0,1,0,0,0,0,0,0,0
GCA_025786755.2,1,0,1,0,1,0,0,0,0
GCA_025786795.2,0,1,0,0,0,0,0,0,0
GCA_025786855.2,0,1,0,0,0,0,0,0,0
GCA_025786875.2,0,1,1,0,0,0,0,0,0
GCA_025786895.2,0,1,0,0,0,0,0,0,0
GCA_025786975.2,0,1,0,0,0,0,0,0,0
GCA_025786995.2,1,1,0,1,0,0,0,0,0
GCA_025787105.2,1,1,0,0,0,0,0,0,0
GCA_025787145.2,1,1,1,0,0,0,0,0,0
GCA_025787185.2,1,1,0,0,0,0,0,0,0
GCA_025787245.2,1,1,0,1,0,0,0,0,0
GCA_025787305.2,1,1,0,1,0,0,0,0,0
GCA_025787425.2,0,1,0,0,0,0,0,0,0
GCA_025787495.2,0,1,0,0,0,0,0,0,0
GCA_025787555.2,1,1,1,0,0,0,0,0,0
GCA_025787925.2,1,1,0,0,0,0,0,0,0
GCA_025788005.2,0,1,0,0,0,0,0,0,0
GCA_025788125.2,0,1,0,0,0,0,0,0,0
GCA_025788235.2,0,0,0,0,1,0,0,0,0
GCA_025788295.2,1,1,0,0,0,0,0,0,0
GCA_025788315.2,1,1,1,0,0,0,0,0,0
GCA_025788355.2,0,1,0,0,0,0,0,0,0
GCA_025788535.2,0,1,0,0,0,0,0,0,0
GCA_025788555.2,1,1,0,0,0,0,0,0,0
GCA_025788595.2,0,1,0,0,0,0,0,0,0
GCA_025788675.2,0,1,0,0,0,0,0,0,0
GCA_025788815.2,0,1,0,0,0,0,0,0,0
GCA_025788915.2,1,1,0,0,0,0,0,0,0
GCA_025788975.2,0,1,0,0,0,0,0,0,0
GCA_025789115.2,0,1,0,0,0,0,0,0,0
GCA_025789175.2,0,1,0,0,0,0,0,0,0
GCA_025789315.2,1,1,0,0,0,0,0,0,0
GCA_025789335.2,0,1,0,0,0,0,0,0,0
GCA_025789555.2,1,1,0,0,0,0,0,0,0
GCA_025789775.2,1,1,1,0,0,0,0,0,0
GCA_025789815.2,0,1,0,0,0,0,0,0,0
GCA_025789855.2,0,1,0,0,0,0,0,0,0
GCA_025789895.2,0,1,0,0,0,0,0,0,0
GCA_025830395.1,1,0,0,0,1,0,0,0,1
GCA_025831635.1,1,0,0,0,1,0,0,0,0
GCA_025832255.1,1,0,0,1,1,0,0,0,1
GCA_025832455.1,1,0,0,0,1,0,0,0,1
GCA_025832605.1,1,0,0,0,1,0,0,0,1
GCA_025833005.1,1,0,0,0,1,0,0,0,1
GCA_025833415.1,1,0,0,0,1,0,0,0,1
GCA_025833775.1,1,0,0,0,1,0,0,0,0
GCA_025833825.1,1,0,0,0,1,0,0,0,0
GCA_030128985.1,1,1,0,0,0,0,0,0,0
GCA_031775675.2,1,1,0,0,0,0,0,0,0
GCA_031775935.2,1,1,0,1,0,0,0,0,0
GCA_031775975.2,1,1,0,0,0,0,0,0,0
GCA_031776005.2,1,1,0,0,0,1,0,0,0
GCA_032120615.2,1,1,0,0,0,0,0,0,0
GCA_032328055.2,1,1,1,0,0,0,0,0,0
GCA_032328115.2,1,1,0,0,0,1,0,0,0
GCA_032328735.2,1,1,0,1,0,0,0,0,0
GCA_032328795.2,1,1,0,0,0,0,0,0,0
GCA_032329015.2,1,1,0,0,0,1,0,0,0
GCA_032329055.2,0,1,0,1,0,0,1,1,0
GCA_032329415.2,1,1,0,0,0,0,0,0,0
GCA_032329715.2,1,1,0,0,0,0,0,0,0
GCA_032329835.2,1,1,0,0,0,0,0,0,0
GCA_032330115.2,1,1,0,1,0,0,1,1,0
GCA_032330135.1,1,1,0,1,0,0,0,0,0
GCA_032330355.2,1,1,0,1,0,0,0,0,0
GCA_032330575.2,0,1,0,0,0,0,0,0,0
GCA_032330655.2,0,1,0,0,0,0,0,0,0
GCA_032330675.2,1,1,0,0,0,0,0,0,0
GCA_032330735.2,1,1,0,0,0,0,0,0,0
GCA_032330835.2,1,1,0,1,0,0,0,0,0
GCA_032330935.2,0,1,0,0,0,0,0,0,0
GCA_032330975.2,0,1,0,0,0,0,0,0,0
GCA_032331055.2,0,1,0,0,0,0,0,0,0
GCA_032331555.2,0,1,0,0,0,0,0,0,0
GCA_032331575.2,1,1,0,1,0,0,0,0,0
GCA_032331795.2,1,1,1,0,0,0,0,0,0
GCA_032331995.2,1,1,1,0,0,0,0,0,0
GCA_032332115.1,0,1,0,0,0,0,0,0,0
GCA_032332275.2,1,1,0,1,0,0,0,0,0
GCA_032333315.2,1,1,0,0,0,0,0,0,0
GCA_032333375.2,1,1,0,0,0,0,0,0,0
GCA_032333815.2,1,1,1,0,0,0,0,0,0
GCA_032334035.2,1,1,0,1,0,0,0,0,0
GCA_032334935.2,1,1,0,0,0,0,0,0,0
GCA_032335355.2,1,1,0,1,0,0,0,0,0
GCA_032335855.2,1,1,0,1,0,0,0,0,0
GCA_032336225.2,1,1,0,0,0,0,0,0,0
GCA_032336775.2,1,1,0,0,0,0,0,0,0
GCA_032337535.2,0,1,0,1,0,0,1,1,0
GCA_032337575.2,1,1,0,1,0,0,0,0,0
GCA_032337755.2,1,0,0,0,1,0,0,0,0
GCA_032337875.2,1,1,0,0,0,0,0,0,0
GCA_032338095.2,1,1,0,1,0,0,1,1,0
GCA_032338195.2,1,1,0,0,0,0,0,0,0
GCA_032338295.2,1,1,0,0,0,0,0,0,0
GCA_034514855.1,1,0,1,0,0,0,0,0,0
GCA_038080355.1,1,1,1,0,0,0,0,0,0
GCA_038082335.1,1,1,0,1,0,0,0,0,0
GCA_038083455.1,0,1,1,0,0,0,0,0,0
GCA_038510605.1,1,1,0,1,0,0,0,0,0
GCA_044079215.1,0,1,0,0,0,0,1,1,0
GCA_044136045.1,0,1,0,0,0,0,0,0,0
GCA_044690305.1,0,1,0,1,0,0,1,1,0
GCA_044692315.1,1,1,0,0,0,0,0,0,0
GCA_048599745.1,1,0,1,0,1,0,0,0,1
GCA_900406635.1,1,0,0,0,1,0,0,0,0
GCA_900490615.1,0,1,0,0,0,0,0,0,0
