resistance_phenotype,amr_element_symbol,gene_symbol,element_type,element_subtype,class,subclass,samples
susceptible,marR_S3N,marR,AMR,POINT,MULTIDRUG,AMPICILLIN/CHLORAMPHENICOL/QUINOLONE/RIFAMPIN/TETRACYCLINE,674
resistant,marR_S3N,marR,AMR,POINT,MULTIDRUG,AMPICILLIN/CHLORAMPHENICOL/QUINOLONE/RIFAMPIN/TETRACYCLINE,453
resistant,tet(B),tetA,AMR,AMR,TETRACYCLINE,TETRACYCLINE,61
resistant,tet(A),tetA,AMR,AMR,TETRACYCLINE,TETRACYCLINE,30
resistant,soxS_A12S,soxS,AMR,POINT,MULTIDRUG,AMPICILLIN/CHLORAMPHENICOL/QUINOLONE/RIFAMPIN/TETRACYCLINE,28
susceptible,tet(B),tetA,AMR,AMR,TETRACYCLINE,TETRACYCLINE,24
resistant,tet(A),tetA_1,AMR,AMR,TETRACYCLINE,TETRACYCLINE,24
resistant,tet(A),tetA_2,AMR,AMR,TETRACYCLINE,TETRACYCLINE,23
resistant,tet(B),tetA_1,AMR,AMR,TETRACYCLINE,TETRACYCLINE,16
resistant,tet(B),tetA_2,AMR,AMR,TETRACYCLINE,TETRACYCLINE,16
resistant,aac(3)-IId,yokD_2,AMR,AMR,AMINOGLYCOSIDE,GENTAMICIN,14
resistant,aac(3)-IId,yokD,AMR,AMR,AMINOGLYCOSIDE,GENTAMICIN,14
resistant,aac(3)-IId,yokD_1,AMR,AMR,AMINOGLYCOSIDE,GENTAMICIN,13
resistant,aph(6)-Id,,AMR,AMR,AMINOGLYCOSIDE,STREPTOMYCIN,10
resistant,soxR_G121D,soxR,AMR,POINT,MULTIDRUG,AMPICILLIN/CHLORAMPHENICOL/QUINOLONE/RIFAMPIN/TETRACYCLINE,9
resistant,catA1,cat_2,AMR,AMR,PHENICOL,CHLORAMPHENICOL,9
susceptible,aph(6)-Id,,AMR,AMR,AMINOGLYCOSIDE,STREPTOMYCIN,8
resistant,catB3,cat_1,AMR,AMR,PHENICOL,CHLORAMPHENICOL,7
resistant,uhpT_E350Q,uhpT,AMR,POINT,FOSFOMYCIN,FOSFOMYCIN,7
susceptible,aph(3'')-Ib,neo_1,AMR,AMR,AMINOGLYCOSIDE,STREPTOMYCIN,7
susceptible,aph(3'')-Ib,neo_2,AMR,AMR,AMINOGLYCOSIDE,STREPTOMYCIN,7
resistant,dfrA1,dhfrI,AMR,AMR,TRIMETHOPRIM,TRIMETHOPRIM,6
susceptible,tet(A),tetA_1,AMR,AMR,TETRACYCLINE,TETRACYCLINE,6
susceptible,tet(A),tetA_2,AMR,AMR,TETRACYCLINE,TETRACYCLINE,6
resistant,aac(3)-IIe,yokD,AMR,AMR,AMINOGLYCOSIDE,GENTAMICIN,6
resistant,aac(3)-IIe,yokD_1,AMR,AMR,AMINOGLYCOSIDE,GENTAMICIN,5
susceptible,tet(B),tetA_2,AMR,AMR,TETRACYCLINE,TETRACYCLINE,5
susceptible,tet(B),tetA_1,AMR,AMR,TETRACYCLINE,TETRACYCLINE,5
resistant,catA1,cat_4,AMR,AMR,PHENICOL,CHLORAMPHENICOL,4
resistant,aph(3'')-Ib,neo_1,AMR,AMR,AMINOGLYCOSIDE,STREPTOMYCIN,4
resistant,catB3,cat_3,AMR,AMR,PHENICOL,CHLORAMPHENICOL,4
resistant,aph(3'')-Ib,neo,AMR,AMR,AMINOGLYCOSIDE,STREPTOMYCIN,4
resistant,aac(3)-IIe,yokD_2,AMR,AMR,AMINOGLYCOSIDE,GENTAMICIN,4
resistant,dfrA1,dhfrI_1,AMR,AMR,TRIMETHOPRIM,TRIMETHOPRIM,4
resistant,mph(A),,AMR,AMR,MACROLIDE,AZITHROMYCIN/ERYTHROMYCIN/SPIRAMYCIN/TELITHROMYCIN,4
resistant,dfrA1,dhfrI_2,AMR,AMR,TRIMETHOPRIM,TRIMETHOPRIM,4
susceptible,dfrA5,dhfrI_2,AMR,AMR,TRIMETHOPRIM,TRIMETHOPRIM,3
susceptible,dfrA5,dhfrI_1,AMR,AMR,TRIMETHOPRIM,TRIMETHOPRIM,3
resistant,catA1,cat_1,AMR,AMR,PHENICOL,CHLORAMPHENICOL,3
susceptible,soxS_A12S,soxS,AMR,POINT,MULTIDRUG,AMPICILLIN/CHLORAMPHENICOL/QUINOLONE/RIFAMPIN/TETRACYCLINE,3
resistant,mcr-1.1,mcr-1.1_1,AMR,AMR,COLISTIN,COLISTIN,3
resistant,mcr-1.1,mcr-1.1_2,AMR,AMR,COLISTIN,COLISTIN,3
susceptible,uhpT_E350Q,uhpT,AMR,POINT,FOSFOMYCIN,FOSFOMYCIN,3
susceptible,tet(A),tetA,AMR,AMR,TETRACYCLINE,TETRACYCLINE,3
resistant,dfrA4,,AMR,AMR,TRIMETHOPRIM,TRIMETHOPRIM,2
susceptible,aac(3)-IVa,yokD_1,AMR,AMR,AMINOGLYCOSIDE,APRAMYCIN/GENTAMICIN/TOBRAMYCIN,2
resistant,dfrA14,dhfrI,AMR,AMR,TRIMETHOPRIM,TRIMETHOPRIM,2
resistant,floR,bcr_1,AMR,AMR,PHENICOL,CHLORAMPHENICOL/FLORFENICOL,2
resistant,cmlA1,cmlA1_1,AMR,AMR,PHENICOL,CHLORAMPHENICOL,2
resistant,aph(3'')-Ib,neo_2,AMR,AMR,AMINOGLYCOSIDE,STREPTOMYCIN,2
resistant,aadA5,ant1_1,AMR,AMR,AMINOGLYCOSIDE,STREPTOMYCIN,2
susceptible,dfrA1,dhfrI_1,AMR,AMR,TRIMETHOPRIM,TRIMETHOPRIM,2
susceptible,dfrA1,dhfrI_2,AMR,AMR,TRIMETHOPRIM,TRIMETHOPRIM,2
resistant,cmlA1,cmlA1_2,AMR,AMR,PHENICOL,CHLORAMPHENICOL,2
resistant,acrR_R45C,acrR_1,AMR,POINT,MULTIDRUG,AMPICILLIN/CHLORAMPHENICOL/QUINOLONE/RIFAMPIN/TETRACYCLINE,2
resistant,dfrA8,folA_2,AMR,AMR,TRIMETHOPRIM,TRIMETHOPRIM,2
resistant,aph(3'')-Ib,,AMR,AMR,AMINOGLYCOSIDE,STREPTOMYCIN,2
susceptible,aac(3)-IVa,yokD_2,AMR,AMR,AMINOGLYCOSIDE,APRAMYCIN/GENTAMICIN/TOBRAMYCIN,2
resistant,aadA5,ant1_2,AMR,AMR,AMINOGLYCOSIDE,STREPTOMYCIN,2
resistant,acrR_R45C,acrR_2,AMR,POINT,MULTIDRUG,AMPICILLIN/CHLORAMPHENICOL/QUINOLONE/RIFAMPIN/TETRACYCLINE,2
resistant,floR,bcr_2,AMR,AMR,PHENICOL,CHLORAMPHENICOL/FLORFENICOL,1
resistant,dfrA17,dhfrI_2,AMR,AMR,TRIMETHOPRIM,TRIMETHOPRIM,1
resistant,catB3,cat_2,AMR,AMR,PHENICOL,CHLORAMPHENICOL,1
resistant,aac(3)-IId,yokD_4,AMR,AMR,AMINOGLYCOSIDE,GENTAMICIN,1
resistant,mcr-1.2,mcr-1.2_2,AMR,AMR,COLISTIN,COLISTIN,1
resistant,marR_R77C,marR,AMR,POINT,MULTIDRUG,AMPICILLIN/CHLORAMPHENICOL/QUINOLONE/RIFAMPIN/TETRACYCLINE,1
resistant,tet(A),tetA_3,AMR,AMR,TETRACYCLINE,TETRACYCLINE,1
resistant,dfrA14,dhfrI_1,AMR,AMR,TRIMETHOPRIM,TRIMETHOPRIM,1
resistant,dfrA5,dhfrI_1,AMR,AMR,TRIMETHOPRIM,TRIMETHOPRIM,1
resistant,ftsI_I336IPYRI,ftsI,AMR,POINT,BETA-LACTAM,AZTREONAM,1
resistant,aac(3)-VIa,yokD_3,AMR,AMR,AMINOGLYCOSIDE,GENTAMICIN,1
susceptible,tet(C),tetA,AMR,AMR,TETRACYCLINE,TETRACYCLINE,1
resistant,ant(2'')-Ia,aadB_2,AMR,AMR,AMINOGLYCOSIDE,GENTAMICIN/KANAMYCIN/TOBRAMYCIN,1
resistant,aadA1,ant1,AMR,AMR,AMINOGLYCOSIDE,STREPTOMYCIN,1
resistant,dfrA17,,AMR,AMR,TRIMETHOPRIM,TRIMETHOPRIM,1
susceptible,ant(2'')-Ia,aadB_3,AMR,AMR,AMINOGLYCOSIDE,GENTAMICIN/KANAMYCIN/TOBRAMYCIN,1
resistant,catA1,cat_3,AMR,AMR,PHENICOL,CHLORAMPHENICOL,1
resistant,dfrA14,dhfrI_2,AMR,AMR,TRIMETHOPRIM,TRIMETHOPRIM,1
susceptible,aac(3)-IId,yokD,AMR,AMR,AMINOGLYCOSIDE,GENTAMICIN,1
resistant,ant(2'')-Ia,aadB_1,AMR,AMR,AMINOGLYCOSIDE,GENTAMICIN/KANAMYCIN/TOBRAMYCIN,1
resistant,aph(3'')-Ib,neo_3,AMR,AMR,AMINOGLYCOSIDE,STREPTOMYCIN,1
resistant,aac(3)-IVa,yokD_3,AMR,AMR,AMINOGLYCOSIDE,APRAMYCIN/GENTAMICIN/TOBRAMYCIN,1
susceptible,ant(2'')-Ia,aadB_4,AMR,AMR,AMINOGLYCOSIDE,GENTAMICIN/KANAMYCIN/TOBRAMYCIN,1
resistant,aac(3)-IIg,yokD_2,AMR,AMR,AMINOGLYCOSIDE,GENTAMICIN,1
resistant,floR,bcr_3,AMR,AMR,PHENICOL,CHLORAMPHENICOL/FLORFENICOL,1
resistant,dfrA8,folA_3,AMR,AMR,TRIMETHOPRIM,TRIMETHOPRIM,1
resistant,fosA3,fosA,AMR,AMR,FOSFOMYCIN,FOSFOMYCIN,1
resistant,acrR_R45C,acrR,AMR,POINT,MULTIDRUG,AMPICILLIN/CHLORAMPHENICOL/QUINOLONE/RIFAMPIN/TETRACYCLINE,1
susceptible,ant(2'')-Ia,aadB_2,AMR,AMR,AMINOGLYCOSIDE,GENTAMICIN/KANAMYCIN/TOBRAMYCIN,1
resistant,aac(3)-VIa,yokD_2,AMR,AMR,AMINOGLYCOSIDE,GENTAMICIN,1
resistant,ant(2'')-Ia,aadB_4,AMR,AMR,AMINOGLYCOSIDE,GENTAMICIN/KANAMYCIN/TOBRAMYCIN,1
resistant,dfrA17,dhfrI,AMR,AMR,TRIMETHOPRIM,TRIMETHOPRIM,1
susceptible,dfrA14,dhfrI,AMR,AMR,TRIMETHOPRIM,TRIMETHOPRIM,1
resistant,aac(6')-IIc,aacA4_1,AMR,AMR,AMINOGLYCOSIDE,GENTAMICIN/KANAMYCIN/TOBRAMYCIN,1
resistant,aph(3'')-Ib,neo_4,AMR,AMR,AMINOGLYCOSIDE,STREPTOMYCIN,1
resistant,aac(3)-VIa,yokD_1,AMR,AMR,AMINOGLYCOSIDE,GENTAMICIN,1
resistant,tet(D),tetA,AMR,AMR,TETRACYCLINE,TETRACYCLINE,1
resistant,aac(3)-VIa,yokD_5,AMR,AMR,AMINOGLYCOSIDE,GENTAMICIN,1
resistant,mcr-1.2,mcr-1.2_1,AMR,AMR,COLISTIN,COLISTIN,1
resistant,catB3,cat_4,AMR,AMR,PHENICOL,CHLORAMPHENICOL,1
resistant,aac(6')-IIc,aacA4_3,AMR,AMR,AMINOGLYCOSIDE,GENTAMICIN/KANAMYCIN/TOBRAMYCIN,1
resistant,dfrA5,dhfrI_2,AMR,AMR,TRIMETHOPRIM,TRIMETHOPRIM,1
resistant,catA1,cat,AMR,AMR,PHENICOL,CHLORAMPHENICOL,1
susceptible,aph(3'')-Ib,,AMR,AMR,AMINOGLYCOSIDE,STREPTOMYCIN,1
resistant,dfrA17,dhfrI_1,AMR,AMR,TRIMETHOPRIM,TRIMETHOPRIM,1
susceptible,ant(2'')-Ia,aadB_1,AMR,AMR,AMINOGLYCOSIDE,GENTAMICIN/KANAMYCIN/TOBRAMYCIN,1
resistant,soxR_R20H,soxR,AMR,POINT,MULTIDRUG,AMPICILLIN/CHLORAMPHENICOL/QUINOLONE/RIFAMPIN/TETRACYCLINE,1
resistant,cmlA1,cmlA1_3,AMR,AMR,PHENICOL,CHLORAMPHENICOL,1
resistant,aac(3)-VIa,yokD_4,AMR,AMR,AMINOGLYCOSIDE,GENTAMICIN,1
resistant,ant(2'')-Ia,aadB_3,AMR,AMR,AMINOGLYCOSIDE,GENTAMICIN/KANAMYCIN/TOBRAMYCIN,1
resistant,dfrA12,,AMR,AMR,TRIMETHOPRIM,TRIMETHOPRIM,1
resistant,dfrA27,,AMR,AMR,TRIMETHOPRIM,TRIMETHOPRIM,1
resistant,aac(3)-IIg,yokD_1,AMR,AMR,AMINOGLYCOSIDE,GENTAMICIN,1
